{"cameraMode":{"drawMode":0,"name":"Shaded","section":"Shading Mode"},"sceneLighting":true,"audioPlay":false,"sceneViewState":{"m_AlwaysRefresh":false,"showFog":true,"showSkybox":true,"showFlares":true,"showImageEffects":true,"showParticleSystems":true,"showVisualEffectGraphs":true,"m_FxEnabled":true},"in2DMode":false,"pivot":{"x":-21.899999618530275,"y":-3.700000286102295,"z":0.23999345302581788},"rotation":{"x":0.1332276314496994,"y":0.05200250446796417,"z":-0.006998970173299313,"w":0.9897004961967468},"size":14.964221954345704,"orthographic":false}