{"cameraMode":{"drawMode":0,"name":"Shaded","section":"Shading Mode"},"sceneLighting":true,"audioPlay":false,"sceneViewState":{"m_AlwaysRefresh":false,"showFog":true,"showSkybox":true,"showFlares":true,"showImageEffects":true,"showParticleSystems":true,"showVisualEffectGraphs":true,"m_FxEnabled":true},"in2DMode":false,"pivot":{"x":0.8513756990432739,"y":-3.832139730453491,"z":2.2753865718841554},"rotation":{"x":0.11083875596523285,"y":0.06553973257541657,"z":-0.0073241270147264,"w":0.9916538000106812},"size":15.65390682220459,"orthographic":false}